"","InputFilename","PaperTitle","FirstAuthorLastName","Year","Permalink","Species","Sex","Compound","TracerElements","Fasting","Unusual","Ra_nmol_min_g","Ra_nmol_min","isUnusual"
"1","sourcedata_neinast2019.csv","Quantitative Analysis of the Whole-Body Metabolic Fate of Branched-Chain Amino Acids","Neinast",2019,"https://doi.org/10.1016/j.cmet.2018.10.013","Mouse","M","valine","C","Fasting","",10.8,326,FALSE
"2","sourcedata_neinast2019.csv","Quantitative Analysis of the Whole-Body Metabolic Fate of Branched-Chain Amino Acids","Neinast",2019,"https://doi.org/10.1016/j.cmet.2018.10.013","Mouse","M","leucine","C","Fasting","",16.1,434,FALSE
"3","sourcedata_neinast2019.csv","Quantitative Analysis of the Whole-Body Metabolic Fate of Branched-Chain Amino Acids","Neinast",2019,"https://doi.org/10.1016/j.cmet.2018.10.013","Mouse","M","isoleucine","C","Fasting","",6.8,202.8,FALSE
"4","sourcedata_neinast2019.csv","Quantitative Analysis of the Whole-Body Metabolic Fate of Branched-Chain Amino Acids","Neinast",2019,"https://doi.org/10.1016/j.cmet.2018.10.013","Mouse","M","2-ketoisovaleric acid","C","Fasting","",3.2,82.3,FALSE
"5","sourcedata_neinast2019.csv","Quantitative Analysis of the Whole-Body Metabolic Fate of Branched-Chain Amino Acids","Neinast",2019,"https://doi.org/10.1016/j.cmet.2018.10.013","Mouse","M","isoleucine","C","Fasting","",7.6,220.8,FALSE
"6","sourcedata_neinast2019.csv","Quantitative Analysis of the Whole-Body Metabolic Fate of Branched-Chain Amino Acids","Neinast",2019,"https://doi.org/10.1016/j.cmet.2018.10.013","Mouse","M","isoleucine","C","Fasting","BT2",8,233.9,TRUE
"7","sourcedata_neinast2019.csv","Quantitative Analysis of the Whole-Body Metabolic Fate of Branched-Chain Amino Acids","Neinast",2019,"https://doi.org/10.1016/j.cmet.2018.10.013","Mouse","M","isoleucine","C","Fasting","",6.2,184.2,FALSE
"8","sourcedata_neinast2019.csv","Quantitative Analysis of the Whole-Body Metabolic Fate of Branched-Chain Amino Acids","Neinast",2019,"https://doi.org/10.1016/j.cmet.2018.10.013","Mouse","M","isoleucine","C","Fasting","hyperinsulinemic-euglycemic clamp",7.6,224.9,TRUE
"9","sourcedata_neinast2019.csv","Quantitative Analysis of the Whole-Body Metabolic Fate of Branched-Chain Amino Acids","Neinast",2019,"https://doi.org/10.1016/j.cmet.2018.10.013","Mouse","M","valine","C","Fasting","",12,302,FALSE
"10","sourcedata_neinast2019.csv","Quantitative Analysis of the Whole-Body Metabolic Fate of Branched-Chain Amino Acids","Neinast",2019,"https://doi.org/10.1016/j.cmet.2018.10.013","Mouse","M","valine","C","Fasting","db/db mouse",5.8,281.7,TRUE
"11","sourcedata_neinast2019.csv","Quantitative Analysis of the Whole-Body Metabolic Fate of Branched-Chain Amino Acids","Neinast",2019,"https://doi.org/10.1016/j.cmet.2018.10.013","Mouse","M","valine","C","Fasting","",8.9,274.2,FALSE
"12","sourcedata_neinast2019.csv","Quantitative Analysis of the Whole-Body Metabolic Fate of Branched-Chain Amino Acids","Neinast",2019,"https://doi.org/10.1016/j.cmet.2018.10.013","Mouse","M","valine","C","Fasting","db/db mouse",5.1,278.2,TRUE
"13","sourcedata_neinast2019.csv","Quantitative Analysis of the Whole-Body Metabolic Fate of Branched-Chain Amino Acids","Neinast",2019,"https://doi.org/10.1016/j.cmet.2018.10.013","Mouse","M","isoleucine","C","Fasting","high-fat diet",5.9,243.7,TRUE
"14","sourcedata_lee2023.csv","Impact of acute stress on murine metabolomics and metabolic flux","Lee",2023,"https://doi.org/10.1073/pnas.2301215120","Mouse","M","lactic acid","C","Fasting","",151.7,NA,FALSE
"15","sourcedata_lee2023.csv","Impact of acute stress on murine metabolomics and metabolic flux","Lee",2023,"https://doi.org/10.1073/pnas.2301215120","Mouse","M","glucose","C","Fasting","",95.4,NA,FALSE
"16","sourcedata_lee2023.csv","Impact of acute stress on murine metabolomics and metabolic flux","Lee",2023,"https://doi.org/10.1073/pnas.2301215120","Mouse","M","glycerol","C","Fasting","",48.1,NA,FALSE
"17","sourcedata_lee2023.csv","Impact of acute stress on murine metabolomics and metabolic flux","Lee",2023,"https://doi.org/10.1073/pnas.2301215120","Mouse","M","linoleic acid","C","Fasting","",47.8,NA,FALSE
"18","sourcedata_lee2023.csv","Impact of acute stress on murine metabolomics and metabolic flux","Lee",2023,"https://doi.org/10.1073/pnas.2301215120","Mouse","M","glutamine","C","Fasting","",37.9,NA,FALSE
"19","sourcedata_lee2023.csv","Impact of acute stress on murine metabolomics and metabolic flux","Lee",2023,"https://doi.org/10.1073/pnas.2301215120","Mouse","M","acetic acid","C","Fasting","",37.3,NA,FALSE
"20","sourcedata_lee2023.csv","Impact of acute stress on murine metabolomics and metabolic flux","Lee",2023,"https://doi.org/10.1073/pnas.2301215120","Mouse","M","oleic acid","C","Fasting","",29.5,NA,FALSE
"21","sourcedata_lee2023.csv","Impact of acute stress on murine metabolomics and metabolic flux","Lee",2023,"https://doi.org/10.1073/pnas.2301215120","Mouse","M","3-hydroxybutyric acid","C","Fasting","",27.5,NA,FALSE
"22","sourcedata_lee2023.csv","Impact of acute stress on murine metabolomics and metabolic flux","Lee",2023,"https://doi.org/10.1073/pnas.2301215120","Mouse","M","alanine","C","Fasting","",24,NA,FALSE
"23","sourcedata_lee2023.csv","Impact of acute stress on murine metabolomics and metabolic flux","Lee",2023,"https://doi.org/10.1073/pnas.2301215120","Mouse","M","palmitic acid","C","Fasting","",24,NA,FALSE
"24","sourcedata_lee2023.csv","Impact of acute stress on murine metabolomics and metabolic flux","Lee",2023,"https://doi.org/10.1073/pnas.2301215120","Mouse","M","glycine","C","Fasting","",13.8,NA,FALSE
"25","sourcedata_lee2023.csv","Impact of acute stress on murine metabolomics and metabolic flux","Lee",2023,"https://doi.org/10.1073/pnas.2301215120","Mouse","M","serine","C","Fasting","",11.3,NA,FALSE
"26","sourcedata_lee2023.csv","Impact of acute stress on murine metabolomics and metabolic flux","Lee",2023,"https://doi.org/10.1073/pnas.2301215120","Mouse","M","lysine","C","Fasting","",10.2,NA,FALSE
"27","sourcedata_lee2023.csv","Impact of acute stress on murine metabolomics and metabolic flux","Lee",2023,"https://doi.org/10.1073/pnas.2301215120","Mouse","M","leucine","C","Fasting","",9.9,NA,FALSE
"28","sourcedata_lee2023.csv","Impact of acute stress on murine metabolomics and metabolic flux","Lee",2023,"https://doi.org/10.1073/pnas.2301215120","Mouse","M","valine","C","Fasting","",9.9,NA,FALSE
"29","sourcedata_lee2023.csv","Impact of acute stress on murine metabolomics and metabolic flux","Lee",2023,"https://doi.org/10.1073/pnas.2301215120","Mouse","M","taurine","C","Fasting","",9.1,NA,FALSE
"30","sourcedata_lee2023.csv","Impact of acute stress on murine metabolomics and metabolic flux","Lee",2023,"https://doi.org/10.1073/pnas.2301215120","Mouse","M","isoleucine","C","Fasting","",7.6,NA,FALSE
"31","sourcedata_lee2023.csv","Impact of acute stress on murine metabolomics and metabolic flux","Lee",2023,"https://doi.org/10.1073/pnas.2301215120","Mouse","M","threonine","C","Fasting","",6,NA,FALSE
"32","sourcedata_lee2023.csv","Impact of acute stress on murine metabolomics and metabolic flux","Lee",2023,"https://doi.org/10.1073/pnas.2301215120","Mouse","M","tyrosine","C","Fasting","",5.4,NA,FALSE
"33","sourcedata_lee2023.csv","Impact of acute stress on murine metabolomics and metabolic flux","Lee",2023,"https://doi.org/10.1073/pnas.2301215120","Mouse","M","citric acid","C","Fasting","",4.9,NA,FALSE
"34","sourcedata_lee2023.csv","Impact of acute stress on murine metabolomics and metabolic flux","Lee",2023,"https://doi.org/10.1073/pnas.2301215120","Mouse","M","proline","C","Fasting","",4.7,NA,FALSE
"35","sourcedata_lee2023.csv","Impact of acute stress on murine metabolomics and metabolic flux","Lee",2023,"https://doi.org/10.1073/pnas.2301215120","Mouse","M","phenylalanine","C","Fasting","",4.3,NA,FALSE
"36","sourcedata_lee2023.csv","Impact of acute stress on murine metabolomics and metabolic flux","Lee",2023,"https://doi.org/10.1073/pnas.2301215120","Mouse","M","methionine","C","Fasting","",4.2,NA,FALSE
"37","sourcedata_lee2023.csv","Impact of acute stress on murine metabolomics and metabolic flux","Lee",2023,"https://doi.org/10.1073/pnas.2301215120","Mouse","M","arginine","C","Fasting","",4.1,NA,FALSE
"38","sourcedata_lee2023.csv","Impact of acute stress on murine metabolomics and metabolic flux","Lee",2023,"https://doi.org/10.1073/pnas.2301215120","Mouse","M","glutamic acid","C","Fasting","",4,NA,FALSE
"39","sourcedata_lee2023.csv","Impact of acute stress on murine metabolomics and metabolic flux","Lee",2023,"https://doi.org/10.1073/pnas.2301215120","Mouse","M","2-ketoglutaric acid","C","Fasting","",3.4,NA,FALSE
"40","sourcedata_lee2023.csv","Impact of acute stress on murine metabolomics and metabolic flux","Lee",2023,"https://doi.org/10.1073/pnas.2301215120","Mouse","M","asparagine","C","Fasting","",2.9,NA,FALSE
"41","sourcedata_lee2023.csv","Impact of acute stress on murine metabolomics and metabolic flux","Lee",2023,"https://doi.org/10.1073/pnas.2301215120","Mouse","M","aspartic acid","C","Fasting","",2.4,NA,FALSE
"42","sourcedata_lee2023.csv","Impact of acute stress on murine metabolomics and metabolic flux","Lee",2023,"https://doi.org/10.1073/pnas.2301215120","Mouse","M","tryptophan","C","Fasting","",1.9,NA,FALSE
"43","sourcedata_lee2023.csv","Impact of acute stress on murine metabolomics and metabolic flux","Lee",2023,"https://doi.org/10.1073/pnas.2301215120","Mouse","M","succinic acid","C","Fasting","",1.8,NA,FALSE
"44","sourcedata_lee2023.csv","Impact of acute stress on murine metabolomics and metabolic flux","Lee",2023,"https://doi.org/10.1073/pnas.2301215120","Mouse","M","histidine","C","Fasting","",1.8,NA,FALSE
"45","sourcedata_lee2023.csv","Impact of acute stress on murine metabolomics and metabolic flux","Lee",2023,"https://doi.org/10.1073/pnas.2301215120","Mouse","M","creatine","C","Fasting","",1.5,NA,FALSE
"46","sourcedata_lee2023.csv","Impact of acute stress on murine metabolomics and metabolic flux","Lee",2023,"https://doi.org/10.1073/pnas.2301215120","Mouse","M","malic acid","C","Fasting","",1,NA,FALSE
"47","sourcedata_lee2023.csv","Impact of acute stress on murine metabolomics and metabolic flux","Lee",2023,"https://doi.org/10.1073/pnas.2301215120","Mouse","M","lactic acid","C","Fasting","tailsnip",339.3,NA,TRUE
"48","sourcedata_lee2023.csv","Impact of acute stress on murine metabolomics and metabolic flux","Lee",2023,"https://doi.org/10.1073/pnas.2301215120","Mouse","M","glucose","C","Fasting","tailsnip",124.5,NA,TRUE
"49","sourcedata_lee2023.csv","Impact of acute stress on murine metabolomics and metabolic flux","Lee",2023,"https://doi.org/10.1073/pnas.2301215120","Mouse","M","glycerol","C","Fasting","tailsnip",51.8,NA,TRUE
"50","sourcedata_lee2023.csv","Impact of acute stress on murine metabolomics and metabolic flux","Lee",2023,"https://doi.org/10.1073/pnas.2301215120","Mouse","M","linoleic acid","C","Fasting","tailsnip",45,NA,TRUE
"51","sourcedata_lee2023.csv","Impact of acute stress on murine metabolomics and metabolic flux","Lee",2023,"https://doi.org/10.1073/pnas.2301215120","Mouse","M","glutamine","C","Fasting","tailsnip",42.2,NA,TRUE
"52","sourcedata_lee2023.csv","Impact of acute stress on murine metabolomics and metabolic flux","Lee",2023,"https://doi.org/10.1073/pnas.2301215120","Mouse","M","acetic acid","C","Fasting","tailsnip",56,NA,TRUE
"53","sourcedata_lee2023.csv","Impact of acute stress on murine metabolomics and metabolic flux","Lee",2023,"https://doi.org/10.1073/pnas.2301215120","Mouse","M","oleic acid","C","Fasting","tailsnip",35,NA,TRUE
"54","sourcedata_lee2023.csv","Impact of acute stress on murine metabolomics and metabolic flux","Lee",2023,"https://doi.org/10.1073/pnas.2301215120","Mouse","M","3-hydroxybutyric acid","C","Fasting","tailsnip",45.7,NA,TRUE
"55","sourcedata_lee2023.csv","Impact of acute stress on murine metabolomics and metabolic flux","Lee",2023,"https://doi.org/10.1073/pnas.2301215120","Mouse","M","alanine","C","Fasting","tailsnip",45.8,NA,TRUE
"56","sourcedata_lee2023.csv","Impact of acute stress on murine metabolomics and metabolic flux","Lee",2023,"https://doi.org/10.1073/pnas.2301215120","Mouse","M","palmitic acid","C","Fasting","tailsnip",25.9,NA,TRUE
"57","sourcedata_lee2023.csv","Impact of acute stress on murine metabolomics and metabolic flux","Lee",2023,"https://doi.org/10.1073/pnas.2301215120","Mouse","M","glycine","C","Fasting","tailsnip",20.6,NA,TRUE
"58","sourcedata_lee2023.csv","Impact of acute stress on murine metabolomics and metabolic flux","Lee",2023,"https://doi.org/10.1073/pnas.2301215120","Mouse","M","serine","C","Fasting","tailsnip",28.9,NA,TRUE
"59","sourcedata_lee2023.csv","Impact of acute stress on murine metabolomics and metabolic flux","Lee",2023,"https://doi.org/10.1073/pnas.2301215120","Mouse","M","lysine","C","Fasting","tailsnip",9.6,NA,TRUE
"60","sourcedata_lee2023.csv","Impact of acute stress on murine metabolomics and metabolic flux","Lee",2023,"https://doi.org/10.1073/pnas.2301215120","Mouse","M","leucine","C","Fasting","tailsnip",11.1,NA,TRUE
"61","sourcedata_lee2023.csv","Impact of acute stress on murine metabolomics and metabolic flux","Lee",2023,"https://doi.org/10.1073/pnas.2301215120","Mouse","M","valine","C","Fasting","tailsnip",10.1,NA,TRUE
"62","sourcedata_lee2023.csv","Impact of acute stress on murine metabolomics and metabolic flux","Lee",2023,"https://doi.org/10.1073/pnas.2301215120","Mouse","M","taurine","C","Fasting","tailsnip",9.9,NA,TRUE
"63","sourcedata_lee2023.csv","Impact of acute stress on murine metabolomics and metabolic flux","Lee",2023,"https://doi.org/10.1073/pnas.2301215120","Mouse","M","isoleucine","C","Fasting","tailsnip",7.7,NA,TRUE
"64","sourcedata_lee2023.csv","Impact of acute stress on murine metabolomics and metabolic flux","Lee",2023,"https://doi.org/10.1073/pnas.2301215120","Mouse","M","threonine","C","Fasting","tailsnip",7.3,NA,TRUE
"65","sourcedata_lee2023.csv","Impact of acute stress on murine metabolomics and metabolic flux","Lee",2023,"https://doi.org/10.1073/pnas.2301215120","Mouse","M","tyrosine","C","Fasting","tailsnip",8,NA,TRUE
"66","sourcedata_lee2023.csv","Impact of acute stress on murine metabolomics and metabolic flux","Lee",2023,"https://doi.org/10.1073/pnas.2301215120","Mouse","M","citric acid","C","Fasting","tailsnip",11,NA,TRUE
"67","sourcedata_lee2023.csv","Impact of acute stress on murine metabolomics and metabolic flux","Lee",2023,"https://doi.org/10.1073/pnas.2301215120","Mouse","M","proline","C","Fasting","tailsnip",5.4,NA,TRUE
"68","sourcedata_lee2023.csv","Impact of acute stress on murine metabolomics and metabolic flux","Lee",2023,"https://doi.org/10.1073/pnas.2301215120","Mouse","M","phenylalanine","C","Fasting","tailsnip",5.6,NA,TRUE
"69","sourcedata_lee2023.csv","Impact of acute stress on murine metabolomics and metabolic flux","Lee",2023,"https://doi.org/10.1073/pnas.2301215120","Mouse","M","methionine","C","Fasting","tailsnip",4.6,NA,TRUE
"70","sourcedata_lee2023.csv","Impact of acute stress on murine metabolomics and metabolic flux","Lee",2023,"https://doi.org/10.1073/pnas.2301215120","Mouse","M","arginine","C","Fasting","tailsnip",9.3,NA,TRUE
"71","sourcedata_lee2023.csv","Impact of acute stress on murine metabolomics and metabolic flux","Lee",2023,"https://doi.org/10.1073/pnas.2301215120","Mouse","M","glutamic acid","C","Fasting","tailsnip",NA,NA,TRUE
"72","sourcedata_lee2023.csv","Impact of acute stress on murine metabolomics and metabolic flux","Lee",2023,"https://doi.org/10.1073/pnas.2301215120","Mouse","M","2-ketoglutaric acid","C","Fasting","tailsnip",4.2,NA,TRUE
"73","sourcedata_lee2023.csv","Impact of acute stress on murine metabolomics and metabolic flux","Lee",2023,"https://doi.org/10.1073/pnas.2301215120","Mouse","M","asparagine","C","Fasting","tailsnip",4.8,NA,TRUE
"74","sourcedata_lee2023.csv","Impact of acute stress on murine metabolomics and metabolic flux","Lee",2023,"https://doi.org/10.1073/pnas.2301215120","Mouse","M","aspartic acid","C","Fasting","tailsnip",NA,NA,TRUE
"75","sourcedata_lee2023.csv","Impact of acute stress on murine metabolomics and metabolic flux","Lee",2023,"https://doi.org/10.1073/pnas.2301215120","Mouse","M","tryptophan","C","Fasting","tailsnip",1.8,NA,TRUE
"76","sourcedata_lee2023.csv","Impact of acute stress on murine metabolomics and metabolic flux","Lee",2023,"https://doi.org/10.1073/pnas.2301215120","Mouse","M","succinic acid","C","Fasting","tailsnip",3.1,NA,TRUE
"77","sourcedata_lee2023.csv","Impact of acute stress on murine metabolomics and metabolic flux","Lee",2023,"https://doi.org/10.1073/pnas.2301215120","Mouse","M","histidine","C","Fasting","tailsnip",2.8,NA,TRUE
"78","sourcedata_lee2023.csv","Impact of acute stress on murine metabolomics and metabolic flux","Lee",2023,"https://doi.org/10.1073/pnas.2301215120","Mouse","M","creatine","C","Fasting","tailsnip",2.6,NA,TRUE
"79","sourcedata_lee2023.csv","Impact of acute stress on murine metabolomics and metabolic flux","Lee",2023,"https://doi.org/10.1073/pnas.2301215120","Mouse","M","malic acid","C","Fasting","tailsnip",1.9,NA,TRUE
"80","sourcedata_Hui2020.csv","Quantitative Fluxomics of Circulating Metabolites","Hui",2020,"https://doi.org/10.1016/j.cmet.2020.07.013","Mouse",NA,"glucose","C","Fasting","",151,NA,FALSE
"81","sourcedata_Hui2020.csv","Quantitative Fluxomics of Circulating Metabolites","Hui",2020,"https://doi.org/10.1016/j.cmet.2020.07.013","Mouse",NA,"lactic acid","C","Fasting","",374,NA,FALSE
"82","sourcedata_Hui2020.csv","Quantitative Fluxomics of Circulating Metabolites","Hui",2020,"https://doi.org/10.1016/j.cmet.2020.07.013","Mouse",NA,"glutamine","C","Fasting","",46,NA,FALSE
"83","sourcedata_Hui2020.csv","Quantitative Fluxomics of Circulating Metabolites","Hui",2020,"https://doi.org/10.1016/j.cmet.2020.07.013","Mouse",NA,"alanine","C","Fasting","",81,NA,FALSE
"84","sourcedata_Hui2020.csv","Quantitative Fluxomics of Circulating Metabolites","Hui",2020,"https://doi.org/10.1016/j.cmet.2020.07.013","Mouse",NA,"3-hydroxybutyric acid","C","Fasting","",42,NA,FALSE
"85","sourcedata_Hui2020.csv","Quantitative Fluxomics of Circulating Metabolites","Hui",2020,"https://doi.org/10.1016/j.cmet.2020.07.013","Mouse",NA,"palmitic acid","C","Fasting","",24,NA,FALSE
"86","sourcedata_Hui2020.csv","Quantitative Fluxomics of Circulating Metabolites","Hui",2020,"https://doi.org/10.1016/j.cmet.2020.07.013","Mouse",NA,"oleic acid","C","Fasting","",35,NA,FALSE
"87","sourcedata_Hui2020.csv","Quantitative Fluxomics of Circulating Metabolites","Hui",2020,"https://doi.org/10.1016/j.cmet.2020.07.013","Mouse",NA,"linoleic acid","C","Fasting","",45,NA,FALSE
"88","sourcedata_Hui2020.csv","Quantitative Fluxomics of Circulating Metabolites","Hui",2020,"https://doi.org/10.1016/j.cmet.2020.07.013","Mouse",NA,"serine","C","Fasting","",20,NA,FALSE
"89","sourcedata_Hui2020.csv","Quantitative Fluxomics of Circulating Metabolites","Hui",2020,"https://doi.org/10.1016/j.cmet.2020.07.013","Mouse",NA,"glycine","C","Fasting","",20,NA,FALSE
"90","sourcedata_Hui2020.csv","Quantitative Fluxomics of Circulating Metabolites","Hui",2020,"https://doi.org/10.1016/j.cmet.2020.07.013","Mouse",NA,"citric acid","C","Fasting","",11,NA,FALSE
"91","sourcedata_Hui2020.csv","Quantitative Fluxomics of Circulating Metabolites","Hui",2020,"https://doi.org/10.1016/j.cmet.2020.07.013","Mouse",NA,"acetic acid","C","Fasting","",56,NA,FALSE
"92","sourcedata_Hui2020.csv","Quantitative Fluxomics of Circulating Metabolites","Hui",2020,"https://doi.org/10.1016/j.cmet.2020.07.013","Mouse",NA,"glycerol","C","Fasting","",67,NA,FALSE
"93","sourcedata_Hui2020.csv","Quantitative Fluxomics of Circulating Metabolites","Hui",2020,"https://doi.org/10.1016/j.cmet.2020.07.013","Mouse",NA,"glucose","C","Fed","",466,NA,FALSE
"94","sourcedata_Hui2020.csv","Quantitative Fluxomics of Circulating Metabolites","Hui",2020,"https://doi.org/10.1016/j.cmet.2020.07.013","Mouse",NA,"lactic acid","C","Fed","",517,NA,FALSE
"95","sourcedata_Hui2020.csv","Quantitative Fluxomics of Circulating Metabolites","Hui",2020,"https://doi.org/10.1016/j.cmet.2020.07.013","Mouse",NA,"glutamine","C","Fed","",78,NA,FALSE
"96","sourcedata_Hui2020.csv","Quantitative Fluxomics of Circulating Metabolites","Hui",2020,"https://doi.org/10.1016/j.cmet.2020.07.013","Mouse",NA,"alanine","C","Fed","",114,NA,FALSE
"97","sourcedata_Hui2020.csv","Quantitative Fluxomics of Circulating Metabolites","Hui",2020,"https://doi.org/10.1016/j.cmet.2020.07.013","Mouse",NA,"3-hydroxybutyric acid","C","Fed","",15,NA,FALSE
"98","sourcedata_Hui2020.csv","Quantitative Fluxomics of Circulating Metabolites","Hui",2020,"https://doi.org/10.1016/j.cmet.2020.07.013","Mouse",NA,"palmitic acid","C","Fed","",16,NA,FALSE
"99","sourcedata_Hui2020.csv","Quantitative Fluxomics of Circulating Metabolites","Hui",2020,"https://doi.org/10.1016/j.cmet.2020.07.013","Mouse",NA,"oleic acid","C","Fed","",22,NA,FALSE
"100","sourcedata_Hui2020.csv","Quantitative Fluxomics of Circulating Metabolites","Hui",2020,"https://doi.org/10.1016/j.cmet.2020.07.013","Mouse",NA,"linoleic acid","C","Fed","",27,NA,FALSE
"101","sourcedata_Hui2020.csv","Quantitative Fluxomics of Circulating Metabolites","Hui",2020,"https://doi.org/10.1016/j.cmet.2020.07.013","Mouse",NA,"serine","C","Fed","",23,NA,FALSE
"102","sourcedata_Hui2020.csv","Quantitative Fluxomics of Circulating Metabolites","Hui",2020,"https://doi.org/10.1016/j.cmet.2020.07.013","Mouse",NA,"glycine","C","Fed","",26,NA,FALSE
"103","sourcedata_Hui2020.csv","Quantitative Fluxomics of Circulating Metabolites","Hui",2020,"https://doi.org/10.1016/j.cmet.2020.07.013","Mouse",NA,"citric acid","C","Fed","",10,NA,FALSE
"104","sourcedata_Hui2020.csv","Quantitative Fluxomics of Circulating Metabolites","Hui",2020,"https://doi.org/10.1016/j.cmet.2020.07.013","Mouse",NA,"acetic acid","C","Fed","",105,NA,FALSE
"105","sourcedata_Hui2020.csv","Quantitative Fluxomics of Circulating Metabolites","Hui",2020,"https://doi.org/10.1016/j.cmet.2020.07.013","Mouse",NA,"glycerol","C","Fed","",68,NA,FALSE
"106","sourcedata_Hui2020.csv","Quantitative Fluxomics of Circulating Metabolites","Hui",2020,"https://doi.org/10.1016/j.cmet.2020.07.013","Mouse",NA,"glucose","C","Fasting","ketogenic diet",66,NA,TRUE
"107","sourcedata_Hui2020.csv","Quantitative Fluxomics of Circulating Metabolites","Hui",2020,"https://doi.org/10.1016/j.cmet.2020.07.013","Mouse",NA,"lactic acid","C","Fasting","ketogenic diet",292,NA,TRUE
"108","sourcedata_Hui2020.csv","Quantitative Fluxomics of Circulating Metabolites","Hui",2020,"https://doi.org/10.1016/j.cmet.2020.07.013","Mouse",NA,"glutamine","C","Fasting","ketogenic diet",49,NA,TRUE
"109","sourcedata_Hui2020.csv","Quantitative Fluxomics of Circulating Metabolites","Hui",2020,"https://doi.org/10.1016/j.cmet.2020.07.013","Mouse",NA,"alanine","C","Fasting","ketogenic diet",44,NA,TRUE
"110","sourcedata_Hui2020.csv","Quantitative Fluxomics of Circulating Metabolites","Hui",2020,"https://doi.org/10.1016/j.cmet.2020.07.013","Mouse",NA,"3-hydroxybutyric acid","C","Fasting","ketogenic diet",91,NA,TRUE
"111","sourcedata_Hui2020.csv","Quantitative Fluxomics of Circulating Metabolites","Hui",2020,"https://doi.org/10.1016/j.cmet.2020.07.013","Mouse",NA,"palmitic acid","C","Fasting","ketogenic diet",17,NA,TRUE
"112","sourcedata_Hui2020.csv","Quantitative Fluxomics of Circulating Metabolites","Hui",2020,"https://doi.org/10.1016/j.cmet.2020.07.013","Mouse",NA,"oleic acid","C","Fasting","ketogenic diet",36,NA,TRUE
"113","sourcedata_Hui2020.csv","Quantitative Fluxomics of Circulating Metabolites","Hui",2020,"https://doi.org/10.1016/j.cmet.2020.07.013","Mouse",NA,"linoleic acid","C","Fasting","ketogenic diet",57,NA,TRUE
"114","sourcedata_Hui2020.csv","Quantitative Fluxomics of Circulating Metabolites","Hui",2020,"https://doi.org/10.1016/j.cmet.2020.07.013","Mouse",NA,"glycerol","C","Fasting","ketogenic diet",90,NA,TRUE
"115","sourcedata_Hui2020.csv","Quantitative Fluxomics of Circulating Metabolites","Hui",2020,"https://doi.org/10.1016/j.cmet.2020.07.013","Mouse",NA,"glucose","C","Fed","ketogenic diet",77,NA,TRUE
"116","sourcedata_Hui2020.csv","Quantitative Fluxomics of Circulating Metabolites","Hui",2020,"https://doi.org/10.1016/j.cmet.2020.07.013","Mouse",NA,"lactic acid","C","Fed","ketogenic diet",237,NA,TRUE
"117","sourcedata_Hui2020.csv","Quantitative Fluxomics of Circulating Metabolites","Hui",2020,"https://doi.org/10.1016/j.cmet.2020.07.013","Mouse",NA,"glutamine","C","Fed","ketogenic diet",61,NA,TRUE
"118","sourcedata_Hui2020.csv","Quantitative Fluxomics of Circulating Metabolites","Hui",2020,"https://doi.org/10.1016/j.cmet.2020.07.013","Mouse",NA,"alanine","C","Fed","ketogenic diet",50,NA,TRUE
"119","sourcedata_Hui2020.csv","Quantitative Fluxomics of Circulating Metabolites","Hui",2020,"https://doi.org/10.1016/j.cmet.2020.07.013","Mouse",NA,"3-hydroxybutyric acid","C","Fed","ketogenic diet",104,NA,TRUE
"120","sourcedata_Hui2020.csv","Quantitative Fluxomics of Circulating Metabolites","Hui",2020,"https://doi.org/10.1016/j.cmet.2020.07.013","Mouse",NA,"palmitic acid","C","Fed","ketogenic diet",22,NA,TRUE
"121","sourcedata_Hui2020.csv","Quantitative Fluxomics of Circulating Metabolites","Hui",2020,"https://doi.org/10.1016/j.cmet.2020.07.013","Mouse",NA,"oleic acid","C","Fed","ketogenic diet",40,NA,TRUE
"122","sourcedata_Hui2020.csv","Quantitative Fluxomics of Circulating Metabolites","Hui",2020,"https://doi.org/10.1016/j.cmet.2020.07.013","Mouse",NA,"linoleic acid","C","Fed","ketogenic diet",45,NA,TRUE
"123","sourcedata_Hui2020.csv","Quantitative Fluxomics of Circulating Metabolites","Hui",2020,"https://doi.org/10.1016/j.cmet.2020.07.013","Mouse",NA,"glycerol","C","Fed","ketogenic diet",178,NA,TRUE
"124","sourcedata_McBride2024.csv","Glycine homeostasis requires reverse SHMT flux","McBride",2024,"https://doi.org/10.1016/j.cmet.2023.12.001","Mouse","M","serine","C","Fasting","",16.4,NA,FALSE
"125","sourcedata_McBride2024.csv","Glycine homeostasis requires reverse SHMT flux","McBride",2024,"https://doi.org/10.1016/j.cmet.2023.12.001","Mouse","M","glycine","C","Fasting","",20.3,NA,FALSE
"126","sourcedata_McBride2024.csv","Glycine homeostasis requires reverse SHMT flux","McBride",2024,"https://doi.org/10.1016/j.cmet.2023.12.001","Mouse","M","serine","C","Fasting","serine/glycine-free diet",18.4,NA,TRUE
"127","sourcedata_McBride2024.csv","Glycine homeostasis requires reverse SHMT flux","McBride",2024,"https://doi.org/10.1016/j.cmet.2023.12.001","Mouse","M","glycine","C","Fasting","serine/glycine-free diet",15.5,NA,TRUE
"128","sourcedata_McBride2024.csv","Glycine homeostasis requires reverse SHMT flux","McBride",2024,"https://doi.org/10.1016/j.cmet.2023.12.001","Mouse","M","valine","H","Fasting","",10.8,NA,FALSE
"129","sourcedata_McBride2024.csv","Glycine homeostasis requires reverse SHMT flux","McBride",2024,"https://doi.org/10.1016/j.cmet.2023.12.001","Mouse","M","phenylalanine","H","Fasting","",7.3,NA,FALSE
"130","sourcedata_McBride2024.csv","Glycine homeostasis requires reverse SHMT flux","McBride",2024,"https://doi.org/10.1016/j.cmet.2023.12.001","Mouse","M","valine","H","Fasting","serine/glycine-free diet",11.3,NA,TRUE
"131","sourcedata_McBride2024.csv","Glycine homeostasis requires reverse SHMT flux","McBride",2024,"https://doi.org/10.1016/j.cmet.2023.12.001","Mouse","M","phenylalanine","H","Fasting","serine/glycine-free diet",6.6,NA,TRUE
"132","sourcedata_McBride2024.csv","Glycine homeostasis requires reverse SHMT flux","McBride",2024,"https://doi.org/10.1016/j.cmet.2023.12.001","Mouse","M","serine","C","Fed","",21.9,NA,FALSE
"133","sourcedata_McBride2024.csv","Glycine homeostasis requires reverse SHMT flux","McBride",2024,"https://doi.org/10.1016/j.cmet.2023.12.001","Mouse","M","glycine","C","Fed","",21.8,NA,FALSE
"134","sourcedata_McBride2024.csv","Glycine homeostasis requires reverse SHMT flux","McBride",2024,"https://doi.org/10.1016/j.cmet.2023.12.001","Mouse","M","serine","C","Fed","serine/glycine-free diet",15.6,NA,TRUE
"135","sourcedata_McBride2024.csv","Glycine homeostasis requires reverse SHMT flux","McBride",2024,"https://doi.org/10.1016/j.cmet.2023.12.001","Mouse","M","glycine","C","Fed","serine/glycine-free diet",16.9,NA,TRUE
"136","sourcedata_McBride2024.csv","Glycine homeostasis requires reverse SHMT flux","McBride",2024,"https://doi.org/10.1016/j.cmet.2023.12.001","","","","",NA,"",NA,NA,FALSE
"137","Rakotoambinina2004.csv","Taurine kinetics assessed using [1,2-13C2]taurine in healthy adult humans","Rakotoambinina",2004,"https://doi.org/10.1152/ajpendo.00333.2003","Human","M","taurine","C","Fasting",NA,0.561666667,40720.83333,NA
